<?xml version="1.0" encoding="ISO-8859-1"?>
<Employee-details>
   <details>
	<emp-no>7369</emp-no>
		<ename>SMITH</ename>
		<job>CLERK</job>
		<mgr>7902</mgr>
		<hiredate>17-DEC-80</hiredate>
		<sal>1100</sal>
		<comm>200</comm>
		<dept-no>20</dept-no>
	</details>
	<details>
	<emp-no>7499</emp-no>
		<ename>ALLEN</ename>
		<job>SALESMAN</job>
		<mgr>7698</mgr>
		<hiredate>20-FEB-81</hiredate>
		<sal>1600</sal>
		<comm>24820</comm>
		<dept-no>30</dept-no>
	</details>
	<details>
	<emp-no>7521</emp-no>
		<ename>WARD</ename>
		<job>SALESMAN</job>
		<mgr>7698</mgr>
		<hiredate>22-FEB-81</hiredate>
		<sal>1375</sal>
		<comm>19700</comm>
		<dept-no>30</dept-no>
	</details>
    <details>
	<emp-no>7566</emp-no>
		<ename>JONES</ename>
		<job>MANAGER</job>
		<mgr>7839</mgr>
		<hiredate>02-APR-81</hiredate>
		<sal>3175</sal>
		<comm>20600</comm>
		<dept-no>30</dept-no>
	
</details>
<details>
	<emp-no>7654</emp-no>
		<ename>MARTIN</ename>
		<job>SALESMAN</job>
		<mgr>7698</mgr>
		<hiredate>28-SEP-81</hiredate>
		<sal>1375</sal>
		<comm>20600</comm>
		<dept-no>30</dept-no>
	</details>
<details>
	<emp-no>7698</emp-no>
		<ename>BLATE</ename>
		<job>MANAGER</job>
		<mgr>7839</mgr>
		<hiredate>01-MAY-81</hiredate>
		<sal>2850</sal>
		<comm></comm>
		<dept-no>30</dept-no>
	
</details>
<details>
	<emp-no>7782</emp-no>
		<ename>CLARK</ename>
		<job>MANAGER</job>
		<mgr>7839</mgr>
		<hiredate>09-JUN-81</hiredate>
		<sal>2450</sal>
		<comm></comm>
		<dept-no>10</dept-no>
	
</details>
<details>
	<emp-no>7788</emp-no>
		<ename>SCOTT</ename>
		<job>ANALYST</job>
		<mgr>7566</mgr>
		<hiredate>19-APR-87</hiredate>
		<sal>2000</sal>
		<comm></comm>
		<dept-no>20</dept-no>
	</details>
<details>
	<emp-no>7839</emp-no>
		<ename>KING</ename>
		<job>PRESIDENT</job>
		<mgr></mgr>
		<hiredate>17-NOV-81</hiredate>
		<sal>5000</sal>
		<comm></comm>
		<dept-no>10</dept-no>
	</details>
<details>
	<emp-no>7844</emp-no>
		<ename>TURNER</ename>
		<job>SALESMAN</job>
		<mgr>7698</mgr>
		<hiredate>08-SEP-81</hiredate>
		<sal>1650</sal>
		<comm>23000</comm>
		<dept-no>30</dept-no>
	
</details>
<details>
	<emp-no>876</emp-no>
		<ename>ADAMS</ename>
		<job>CLERK</job>
		<mgr>7788</mgr>
		<hiredate>23-MAY-87</hiredate>
		<sal>1430</sal>
		<comm>200</comm>
		<dept-no>20</dept-no>
	</details>
<details>
	<emp-no>7900</emp-no>
		<ename>JAMES</ename>
		<job>CLERK</job>
		<mgr>7698</mgr>
		<hiredate>03-DEC-81</hiredate>
		<sal>1045</sal>
		<comm>200</comm>
		<dept-no>30</dept-no>
</details>
<details>
	<emp-no>7902</emp-no>
		<ename>FORD</ename>
		<job>ANALYST</job>
		<mgr>7566</mgr>
		<hiredate>03-DEC-21</hiredate>
		<sal>3200</sal>
		<comm></comm>
		<dept-no>20</dept-no>
</details>
<details>
	<emp-no>7934</emp-no>
		<ename>MILLER</ename>
		<job>CLERK</job>
		<mgr>7782</mgr>
		<hiredate>23-JAN-82</hiredate>
		<sal>1430</sal>
		<comm>200</comm>
		<dept-no>10</dept-no>
</details>
	
</Employee-details>