<?xml version="1.0" encoding="ISO-8859-1"?>
<EmployeeDetails>
  <details>
	<Employeecode>1111</Employeecode>
	<EmployeeName>
	 <FirstName>Seema</FirstName>
	 <LastName>Dalvi</LastName>
	</EmployeeName>
    <DOJ>09/08/97</DOJ>
	<TotalExperience>12</TotalExperience>
	<Department>
	 <Unit>3d</Unit>
	  <loc>Mumbai</loc>
	</Department>
	<Designation>4</Designation>
	<sal>21000</sal>
	<grade>b</grade>
	</details>
	<details>
	<Employeecode>222</Employeecode>
	<EmployeeName>
	 <FirstName>SBharati</FirstName>
	 <LastName>Mantri</LastName>
	</EmployeeName>
    <DOJ>12/01/99</DOJ>
	<TotalExperience>5</TotalExperience>
	<Department>
	 <Unit>4a</Unit>
	  <loc>Pune</loc>
	</Department>
	<Designation>2</Designation>
	<sal>12000</sal>
	<grade>a</grade>
	</details>
</EmployeeDetails>