<?xml version="1.0" encoding="ISO-8859-1"?>
<shiporder id="889923"
xmlns:xsi="http://www.w3.org/2001/XMLSchema-instance"
xsi:noNameSpaceSchemaLocation="shiporer.xsd">
	<orderperson>john smith</orderperson>
	<shipto>
		<name>ola nordmann</name>
		<address>langett 23</address>
		<city>4000 stavnger</city>
		<country>norway</country>
	</shipto>
	<item>
		<title>Empire Burlesque</title>
		<note>special edition</note>
		<quantity>1</quantity>
		<price>10.90</price>
	</item>
	<item>
		<title>hide your heart</title>
		<quantity>1</quantity>
		<price>9.90</price>
	</item>
</shiporder>