<!DOCCTYPE HTML>
<html>
	<head>
		<title> Electricity Bill</title>
	               
		<script type="text/javascript" src="electricity.js"></script>
		
	</head>
	<body>
	<form method ="post" name="Form1" onsubmit="ebill()">
		<table align = center border=3 bordercolor=red bgcolor=blue >
		
		<tr>
			<td colspan=2 align=center><h2>Electricity Consumer Form</h2></td>
		</tr>
		
		<tr>
			<td>Consumer No:</td>
			<td><input type="text" pattern="[0-9]{8}" maxlength="8" title="12345678" name="no" id="no" required></td>
		</tr>
		
		<tr>
			<td>Consumer Name:</td>
			<td><input type="text"  title="Abc" name="name" id="name" required></td>
		</tr>
		
		<tr>
			<td>Email Address:</td>
			<td><input type="email" name="mail" id="mail" title="abc@xyz.com" required></td>
		</tr>
		
		<tr>
			<td>Number Of Units:</td>
			<td><input type="text" name="units" id="units" required></td>
		</tr>
		<tr>
			<td colspan=2 align=center><input type="submit" name="sub" id="sub" value="Calculate Electricity Charges and Display"></td>
		</tr>
		
		</table>
		 
	</body>
</html>